https://azroc.my.site.com/AZRoc/s/contractor-search?licenseId=a0o8y000000NOP9AAO,
https://azroc.my.site.com/AZRoc/s/contractor-search?licenseId=a0o8y0000004COZAA2,
https://azroc.my.site.com/AZRoc/s/contractor-search?licenseId=a0ot0000000Ng23AAC,
https://azroc.my.site.com/AZRoc/s/contractor-search?licenseId=a0ot0000000Ng1bAAC,
https://azroc.my.site.com/AZRoc/s/contractor-search?licenseId=a0ot0000000Ng0uAAC,
https://azroc.my.site.com/AZRoc/s/contractor-search?licenseId=a0o8y0000004COEAA2,
https://azroc.my.site.com/AZRoc/s/contractor-search?licenseId=a0ot0000000NiJIAA0,
https://azroc.my.site.com/AZRoc/s/contractor-search?licenseId=a0ot0000000NiJJAA0,
https://azroc.my.site.com/AZRoc/s/contractor-search?licenseId=a0ot0000000NiJLAA0,
https://azroc.my.site.com/AZRoc/s/contractor-search?licenseId=a0ot0000000NiJMAA0,
https://azroc.my.site.com/AZRoc/s/contractor-search?licenseId=a0ot0000000NiJNAA0,
https://azroc.my.site.com/AZRoc/s/contractor-search?licenseId=a0ot0000000NiJPAA0,
https://azroc.my.site.com/AZRoc/s/contractor-search?licenseId=a0ot0000000NiJQAA0,
https://azroc.my.site.com/AZRoc/s/contractor-search?licenseId=a0ot0000001AD0SAAW,
https://azroc.my.site.com/AZRoc/s/contractor-search?licenseId=a0ot0000000NiJSAA0,
https://azroc.my.site.com/AZRoc/s/contractor-search?licenseId=a0ot0000000NiJTAA0,
https://azroc.my.site.com/AZRoc/s/contractor-search?licenseId=a0ot0000000NiJVAA0,
https://azroc.my.site.com/AZRoc/s/contractor-search?licenseId=a0ot0000000NiJWAA0,
https://azroc.my.site.com/AZRoc/s/contractor-search?licenseId=a0ot0000000NiJXAA0,
https://azroc.my.site.com/AZRoc/s/contractor-search?licenseId=a0ot0000000NiJYAA0,
https://azroc.my.site.com/AZRoc/s/contractor-search?licenseId=a0ot0000000NiJZAA0,
https://azroc.my.site.com/AZRoc/s/contractor-search?licenseId=a0ot0000000NiJcAAK,
https://azroc.my.site.com/AZRoc/s/contractor-search?licenseId=a0ot0000000NiJdAAK,
https://azroc.my.site.com/AZRoc/s/contractor-search?licenseId=a0ot0000000NiJfAAK,
https://azroc.my.site.com/AZRoc/s/contractor-search?licenseId=a0ot0000000NiJgAAK,
https://azroc.my.site.com/AZRoc/s/contractor-search?licenseId=a0ot0000000NiJiAAK,
https://azroc.my.site.com/AZRoc/s/contractor-search?licenseId=a0ot0000000NiJjAAK,
https://azroc.my.site.com/AZRoc/s/contractor-search?licenseId=a0ot0000000NiJEAA0,
https://azroc.my.site.com/AZRoc/s/contractor-search?licenseId=a0ot0000000NiJFAA0,
https://azroc.my.site.com/AZRoc/s/contractor-search?licenseId=a0ot0000000NiJGAA0,
https://azroc.my.site.com/AZRoc/s/contractor-search?licenseId=a0ot0000000NiJHAA0,
https://azroc.my.site.com/AZRoc/s/contractor-search?licenseId=a0ot0000000NsAzAAK,
https://azroc.my.site.com/AZRoc/s/contractor-search?licenseId=a0ot0000000NjRVAA0,
https://azroc.my.site.com/AZRoc/s/contractor-search?licenseId=a0ot0000000NjRXAA0,
https://azroc.my.site.com/AZRoc/s/contractor-search?licenseId=a0ot0000000Nk8HAAS,
https://azroc.my.site.com/AZRoc/s/contractor-search?licenseId=a0ot0000000Nk8IAAS,
https://azroc.my.site.com/AZRoc/s/contractor-search?licenseId=a0ot0000000Nk8JAAS,
https://azroc.my.site.com/AZRoc/s/contractor-search?licenseId=a0ot0000000Nk8KAAS,
https://azroc.my.site.com/AZRoc/s/contractor-search?licenseId=a0ot0000000Nk8LAAS,
https://azroc.my.site.com/AZRoc/s/contractor-search?licenseId=a0ot0000000Nk8NAAS,
https://azroc.my.site.com/AZRoc/s/contractor-search?licenseId=a0ot0000000Nk8OAAS,
https://azroc.my.site.com/AZRoc/s/contractor-search?licenseId=a0ot0000000Nk8PAAS,
https://azroc.my.site.com/AZRoc/s/contractor-search?licenseId=a0ot0000000Nk8QAAS,
https://azroc.my.site.com/AZRoc/s/contractor-search?licenseId=a0ot0000000Nk8TAAS,
https://azroc.my.site.com/AZRoc/s/contractor-search?licenseId=a0ot0000000Nk8UAAS,
https://azroc.my.site.com/AZRoc/s/contractor-search?licenseId=a0ot0000000Nk8VAAS,
https://azroc.my.site.com/AZRoc/s/contractor-search?licenseId=a0ot0000000Nk8WAAS,
https://azroc.my.site.com/AZRoc/s/contractor-search?licenseId=a0ot0000000Nk8XAAS,
https://azroc.my.site.com/AZRoc/s/contractor-search?licenseId=a0ot0000000NkDkAAK,
https://azroc.my.site.com/AZRoc/s/contractor-search?licenseId=a0ot0000000NkDpAAK,
https://azroc.my.site.com/AZRoc/s/contractor-search?licenseId=a0ot0000000Nk38AAC,
https://azroc.my.site.com/AZRoc/s/contractor-search?licenseId=a0ot0000000Nk39AAC,
https://azroc.my.site.com/AZRoc/s/contractor-search?licenseId=a0ot0000000Nk3AAAS,
https://azroc.my.site.com/AZRoc/s/contractor-search?licenseId=a0ot0000000Nk3BAAS,
https://azroc.my.site.com/AZRoc/s/contractor-search?licenseId=a0ot0000000Nk3DAAS,
https://azroc.my.site.com/AZRoc/s/contractor-search?licenseId=a0ot0000000Nk3EAAS,
https://azroc.my.site.com/AZRoc/s/contractor-search?licenseId=a0ot0000000Nk3FAAS,
https://azroc.my.site.com/AZRoc/s/contractor-search?licenseId=a0ot0000000Nk3JAAS,
https://azroc.my.site.com/AZRoc/s/contractor-search?licenseId=a0ot0000000Nk3KAAS,
https://azroc.my.site.com/AZRoc/s/contractor-search?licenseId=a0ot0000000Nk3LAAS,
https://azroc.my.site.com/AZRoc/s/contractor-search?licenseId=a0ot0000000Nk3MAAS,
https://azroc.my.site.com/AZRoc/s/contractor-search?licenseId=a0ot0000000Nk3QAAS,
https://azroc.my.site.com/AZRoc/s/contractor-search?licenseId=a0ot0000000Nk6gAAC,
https://azroc.my.site.com/AZRoc/s/contractor-search?licenseId=a0ot0000000Nk6iAAC,
https://azroc.my.site.com/AZRoc/s/contractor-search?licenseId=a0ot0000000Nk6kAAC,
https://azroc.my.site.com/AZRoc/s/contractor-search?licenseId=a0ot0000000Nk6lAAC,
https://azroc.my.site.com/AZRoc/s/contractor-search?licenseId=a0ot0000000Nk6nAAC,
https://azroc.my.site.com/AZRoc/s/contractor-search?licenseId=a0ot0000000Nk6oAAC,
https://azroc.my.site.com/AZRoc/s/contractor-search?licenseId=a0ot0000000Nk6qAAC,
https://azroc.my.site.com/AZRoc/s/contractor-search?licenseId=a0ot0000000Nk6rAAC,
https://azroc.my.site.com/AZRoc/s/contractor-search?licenseId=a0ot0000000Nk6sAAC,
https://azroc.my.site.com/AZRoc/s/contractor-search?licenseId=a0ot0000000Nk6tAAC,
https://azroc.my.site.com/AZRoc/s/contractor-search?licenseId=a0ot0000000Nk6uAAC,
https://azroc.my.site.com/AZRoc/s/contractor-search?licenseId=a0ot0000000Nk6vAAC,
https://azroc.my.site.com/AZRoc/s/contractor-search?licenseId=a0ot0000000Nk6wAAC,
https://azroc.my.site.com/AZRoc/s/contractor-search?licenseId=a0ot0000000Nk6xAAC,
https://azroc.my.site.com/AZRoc/s/contractor-search?licenseId=a0ot0000000Nk6yAAC,
https://azroc.my.site.com/AZRoc/s/contractor-search?licenseId=a0ot0000000Nk6zAAC,
https://azroc.my.site.com/AZRoc/s/contractor-search?licenseId=a0ot0000000Nk70AAC,
https://azroc.my.site.com/AZRoc/s/contractor-search?licenseId=a0ot0000000Nk71AAC,
https://azroc.my.site.com/AZRoc/s/contractor-search?licenseId=a0ot0000000Nk72AAC,
https://azroc.my.site.com/AZRoc/s/contractor-search?licenseId=a0ot0000000Nk73AAC,
https://azroc.my.site.com/AZRoc/s/contractor-search?licenseId=a0ot0000000Nk74AAC,
https://azroc.my.site.com/AZRoc/s/contractor-search?licenseId=a0ot0000000Nk75AAC,
https://azroc.my.site.com/AZRoc/s/contractor-search?licenseId=a0ot0000000Nk76AAC,
https://azroc.my.site.com/AZRoc/s/contractor-search?licenseId=a0ot0000000Nk77AAC,
https://azroc.my.site.com/AZRoc/s/contractor-search?licenseId=a0ot0000000Nk78AAC,
https://azroc.my.site.com/AZRoc/s/contractor-search?licenseId=a0ot0000000Nk79AAC,
https://azroc.my.site.com/AZRoc/s/contractor-search?licenseId=a0ot0000000Nk7AAAS,
https://azroc.my.site.com/AZRoc/s/contractor-search?licenseId=a0ot0000000Nk7BAAS,
https://azroc.my.site.com/AZRoc/s/contractor-search?licenseId=a0ot0000000Nk7CAAS,
https://azroc.my.site.com/AZRoc/s/contractor-search?licenseId=a0ot0000000Nk7DAAS,
https://azroc.my.site.com/AZRoc/s/contractor-search?licenseId=a0ot0000000Nk7EAAS,
https://azroc.my.site.com/AZRoc/s/contractor-search?licenseId=a0ot0000000Nk7GAAS,
https://azroc.my.site.com/AZRoc/s/contractor-search?licenseId=a0ot0000000Nk7HAAS,
https://azroc.my.site.com/AZRoc/s/contractor-search?licenseId=a0ot0000000Nk7JAAS,
https://azroc.my.site.com/AZRoc/s/contractor-search?licenseId=a0ot0000000Nk7LAAS,
https://azroc.my.site.com/AZRoc/s/contractor-search?licenseId=a0ot0000000Nk7MAAS,
https://azroc.my.site.com/AZRoc/s/contractor-search?licenseId=a0ot0000000Nk7NAAS,
https://azroc.my.site.com/AZRoc/s/contractor-search?licenseId=a0ot0000000Nk7PAAS