https://azroc.my.site.com/AZRoc/s/contractor-search?licenseId=a0o8y000000NOP9AAO,"175 W Quail Springs Rd, Cottonwood, AZ, 86326"
https://azroc.my.site.com/AZRoc/s/contractor-search?licenseId=a0o8y0000004COZAA2,"3321 E Atlanta Ave, Phoenix, AZ, 85040"
https://azroc.my.site.com/AZRoc/s/contractor-search?licenseId=a0ot0000000Ng23AAC,"8390 E Via de Ventura Ste F110-212, Scottsdale, AZ, 85258"
https://azroc.my.site.com/AZRoc/s/contractor-search?licenseId=a0ot0000000Ng1bAAC,"4425 East Agave Road 136, Phoenix, AZ, 85044"
https://azroc.my.site.com/AZRoc/s/contractor-search?licenseId=a0ot0000000Ng0uAAC,"PO Box 26059, Yuma, AZ, 85367"
https://azroc.my.site.com/AZRoc/s/contractor-search?licenseId=a0o8y0000004COEAA2,"910 S Santa Rita Ave, Tucson, AZ, 85719"
https://azroc.my.site.com/AZRoc/s/contractor-search?licenseId=a0ot0000000NiJIAA0,"2 Cromwell, Irvine, CA, 92618"
https://azroc.my.site.com/AZRoc/s/contractor-search?licenseId=a0ot0000000NiJJAA0,"2309 W Mesquite St, Phoenix, AZ, 85086"
https://azroc.my.site.com/AZRoc/s/contractor-search?licenseId=a0ot0000000NiJLAA0,"16025 W Dale Ln, Surprise, AZ, 85387"
https://azroc.my.site.com/AZRoc/s/contractor-search?licenseId=a0ot0000000NiJMAA0,"PO Box 269, Show Low, AZ, 85902"
https://azroc.my.site.com/AZRoc/s/contractor-search?licenseId=a0ot0000000NiJNAA0,"8901 E Mountain View Rd Suite 150, Scottsdale, AZ, 85258"
https://azroc.my.site.com/AZRoc/s/contractor-search?licenseId=a0ot0000000NiJPAA0,"10222 N 28th St, Phoenix, AZ, 85028"
https://azroc.my.site.com/AZRoc/s/contractor-search?licenseId=a0ot0000000NiJQAA0,"2450 E Cedar Pl, Chandler, AZ, 85249"
https://azroc.my.site.com/AZRoc/s/contractor-search?licenseId=a0ot0000001AD0SAAW,"60952 Mountain View Dr, Cove, OR, 97824"
https://azroc.my.site.com/AZRoc/s/contractor-search?licenseId=a0ot0000000NiJSAA0,"8379 N Weston Pl, Tucson, AZ, 85741"
https://azroc.my.site.com/AZRoc/s/contractor-search?licenseId=a0ot0000000NiJTAA0,"2012 W 4th St, Tempe, AZ, 85281"
https://azroc.my.site.com/AZRoc/s/contractor-search?licenseId=a0ot0000000NiJVAA0,"1305 E. County 16th Street Lot B, Yuma, AZ, 85365"
https://azroc.my.site.com/AZRoc/s/contractor-search?licenseId=a0ot0000000NiJWAA0,"3352 South Palo Verde Road, Tucson, AZ, 85713"
https://azroc.my.site.com/AZRoc/s/contractor-search?licenseId=a0ot0000000NiJXAA0,"PO Box 69070, Oro Valley, AZ, 85757"
https://azroc.my.site.com/AZRoc/s/contractor-search?licenseId=a0ot0000000NiJYAA0,"2101 Century Drive, Jefferson Hills, PA, 15025"
https://azroc.my.site.com/AZRoc/s/contractor-search?licenseId=a0ot0000000NiJZAA0,"2005 W Deer Valley Rd, Suite #102 Phoenix, AZ, 85027"
https://azroc.my.site.com/AZRoc/s/contractor-search?licenseId=a0ot0000000NiJcAAK,"9299 W Olive Ave Ste 505 Peoria, AZ, 85345"
https://azroc.my.site.com/AZRoc/s/contractor-search?licenseId=a0ot0000000NiJdAAK,"PO Box 4433 Chino Valley, AZ, 86323"
https://azroc.my.site.com/AZRoc/s/contractor-search?licenseId=a0ot0000000NiJfAAK,"4729 E Surbrise Dr #182 Tucson, AZ, 85718"
https://azroc.my.site.com/AZRoc/s/contractor-search?licenseId=a0ot0000000NiJgAAK,"4736 Westbrook Ct Appleton, WI, 54913"
https://azroc.my.site.com/AZRoc/s/contractor-search?licenseId=a0ot0000000NiJiAAK,"PO Box 2619 Cedar City, UT, 84721"
https://azroc.my.site.com/AZRoc/s/contractor-search?licenseId=a0ot0000000NiJjAAK,"704 N Bridlegate Dr Gilbert, AZ, 85234"
https://azroc.my.site.com/AZRoc/s/contractor-search?licenseId=a0ot0000000NiJEAA0,"1763 E Butler Ave Flagstaff, AZ, 86001"
https://azroc.my.site.com/AZRoc/s/contractor-search?licenseId=a0ot0000000NiJFAA0,"PO Box 2111 Sedona, AZ, 86339"
https://azroc.my.site.com/AZRoc/s/contractor-search?licenseId=a0ot0000000NiJGAA0,"2610 E Lovebird Lane Gilbert, AZ, 85297"
https://azroc.my.site.com/AZRoc/s/contractor-search?licenseId=a0ot0000000NiJHAA0,"PO Box 331 Hereford, AZ, 85615"
https://azroc.my.site.com/AZRoc/s/contractor-search?licenseId=a0ot0000000NsAzAAK,"2055 Corte Del Nogal Carlsbad, CA, 92011"
https://azroc.my.site.com/AZRoc/s/contractor-search?licenseId=a0ot0000000NjRVAA0,"1885 Lakeside Dr Bullhead City, AZ, 76442"
https://azroc.my.site.com/AZRoc/s/contractor-search?licenseId=a0ot0000000NjRXAA0,"PO Box 335 Rillito, AZ, 85654"
https://azroc.my.site.com/AZRoc/s/contractor-search?licenseId=a0ot0000000Nk8HAAS,"PO Box 2470 Cottonwood, AZ, 86326"
https://azroc.my.site.com/AZRoc/s/contractor-search?licenseId=a0ot0000000Nk8IAAS,"3777 E Broadway Blvd Ste 200 Tucson, AZ, 85716"
https://azroc.my.site.com/AZRoc/s/contractor-search?licenseId=a0ot0000000Nk8JAAS,"3820 W Happy Valley Rd Ste 141-522 Glendale, AZ, 85310"
https://azroc.my.site.com/AZRoc/s/contractor-search?licenseId=a0ot0000000Nk8KAAS,"PO Box 33 Seligma, AZ, 86337"
https://azroc.my.site.com/AZRoc/s/contractor-search?licenseId=a0ot0000000Nk8LAAS,"9980 E Fort Lowell Rd Ste 2A Tucson, AZ, 85749 Phone (520) 97740"
https://azroc.my.site.com/AZRoc/s/contractor-search?licenseId=a0ot0000000Nk8NAAS,"920 E Upper Sky Terrace Dr Prescott, AZ, 86303"
https://azroc.my.site.com/AZRoc/s/contractor-search?licenseId=a0ot0000000Nk8OAAS,"902 Cornville, AZ, 86325"
https://azroc.my.site.com/AZRoc/s/contractor-search?licenseId=a0ot0000000Nk8PAAS,"1908 N Rosemont St Mesa, AZ, 85205"
https://azroc.my.site.com/AZRoc/s/contractor-search?licenseId=a0ot0000000Nk8QAAS,"4630 N Camino Gacela Tucson, AZ, 85718"
https://azroc.my.site.com/AZRoc/s/contractor-search?licenseId=a0ot0000000Nk8TAAS,"3494 Camp Verde, AZ, 86322"
https://azroc.my.site.com/AZRoc/s/contractor-search?licenseId=a0ot0000000Nk8UAAS,"104 E Concorda Dr Tempe, AZ, 85282"
https://azroc.my.site.com/AZRoc/s/contractor-search?licenseId=a0ot0000000Nk8VAAS,"64067 Tucson, AZ, 85728"
https://azroc.my.site.com/AZRoc/s/contractor-search?licenseId=a0ot0000000Nk8WAAS,"3897 Sedona, AZ, 86340"
https://azroc.my.site.com/AZRoc/s/contractor-search?licenseId=a0ot0000000Nk8XAAS,"4203 Cave Creek, AZ, 85327"
https://azroc.my.site.com/AZRoc/s/contractor-search?licenseId=a0ot0000000NkDkAAK,"4928 E Karsten Dr Chandler, AZ, 85249"
https://azroc.my.site.com/AZRoc/s/contractor-search?licenseId=a0ot0000000NkDpAAK,"8147 Mesa, AZ, 85214"
https://azroc.my.site.com/AZRoc/s/contractor-search?licenseId=a0ot0000000Nk38AAC,"3011 E 43rd St Yuma, AZ, 85365"
https://azroc.my.site.com/AZRoc/s/contractor-search?licenseId=a0ot0000000Nk39AAC,"630 Vernon Ave Glencoe, IL, 60022"
https://azroc.my.site.com/AZRoc/s/contractor-search?licenseId=a0ot0000000Nk3AAAS,"ERROR >>> RegEx unable to get address. Business Entity Name Blanchard Construction LLC Physical Address 95 Willow Way Sedona, AZ, 86336 Phone (928) 300-7979 Status / Action Active"
https://azroc.my.site.com/AZRoc/s/contractor-search?licenseId=a0ot0000000Nk3BAAS,"21616 N Central Ave Ste 5 Phoenix, AZ, 85024"
https://azroc.my.site.com/AZRoc/s/contractor-search?licenseId=a0ot0000000Nk3DAAS,"29169 N. 68th Way Scottsdale, AZ, 85266 Phone 48073"
https://azroc.my.site.com/AZRoc/s/contractor-search?licenseId=a0ot0000000Nk3EAAS,"841 Sunset Ave Prescott, AZ, 86305"
https://azroc.my.site.com/AZRoc/s/contractor-search?licenseId=a0ot0000000Nk3FAAS,"333 W Ajo Way Tucson, AZ, 85713"
https://azroc.my.site.com/AZRoc/s/contractor-search?licenseId=a0ot0000000Nk3JAAS,"2908 N Omaha Mesa, AZ, 85215"
https://azroc.my.site.com/AZRoc/s/contractor-search?licenseId=a0ot0000000Nk3KAAS,"9914 E Lazy K Rd Gold Canyon, AZ, 85118 Phone 48020"
https://azroc.my.site.com/AZRoc/s/contractor-search?licenseId=a0ot0000000Nk3LAAS,"ERROR >>> RegEx unable to get address. Business Entity Name Seay Construction Inc Physical Address 44 Stutz Bearcat Dr Sedona, AZ, 86336 Phone (928) 282-4549 Status / Action Active"
https://azroc.my.site.com/AZRoc/s/contractor-search?licenseId=a0ot0000000Nk3MAAS,"2055 CORTE DEL NOGAL CARLSBAD, CA, 92011"
https://azroc.my.site.com/AZRoc/s/contractor-search?licenseId=a0ot0000000Nk3QAAS,"12217 E Bluebird Pl Chandler, AZ, 85286"
https://azroc.my.site.com/AZRoc/s/contractor-search?licenseId=a0ot0000000Nk6gAAC,"12752 E Sahuaro Dr Scottsdale, AZ, 85259"
https://azroc.my.site.com/AZRoc/s/contractor-search?licenseId=a0ot0000000Nk6iAAC,"5510 Scottsdale, AZ, 85261"
https://azroc.my.site.com/AZRoc/s/contractor-search?licenseId=a0ot0000000Nk6kAAC,"4711 E Falcon Dr Ste 141 Mesa, AZ, 85215 Phone 56223"
https://azroc.my.site.com/AZRoc/s/contractor-search?licenseId=a0ot0000000Nk6lAAC,"1745 W Linden St Phoenix, AZ, 85007"
https://azroc.my.site.com/AZRoc/s/contractor-search?licenseId=a0ot0000000Nk6nAAC,"3300 ILES Ave Farmington, NM, 87402"
https://azroc.my.site.com/AZRoc/s/contractor-search?licenseId=a0ot0000000Nk6oAAC,"7850 N Silverbell Rd # 114-207 Tucson, AZ, 85743"
https://azroc.my.site.com/AZRoc/s/contractor-search?licenseId=a0ot0000000Nk6qAAC,"535 Griswold St Ste 2050 Detroit, MI, 48226"
https://azroc.my.site.com/AZRoc/s/contractor-search?licenseId=a0ot0000000Nk6rAAC,"1115 E Cloud Rd Phoenix, AZ, 85086"
https://azroc.my.site.com/AZRoc/s/contractor-search?licenseId=a0ot0000000Nk6sAAC,"823 N Hill Cir Mesa, AZ, 85203"
https://azroc.my.site.com/AZRoc/s/contractor-search?licenseId=a0ot0000000Nk6tAAC,"28056 Prescott Valley, AZ, 86312"
https://azroc.my.site.com/AZRoc/s/contractor-search?licenseId=a0ot0000000Nk6uAAC,"4970 E Runaway Bay Dr Chandler, AZ, 85249"
https://azroc.my.site.com/AZRoc/s/contractor-search?licenseId=a0ot0000000Nk6vAAC,"6841 S Eastern Ave Ste 103 Las Vegas, NV, 89119"
https://azroc.my.site.com/AZRoc/s/contractor-search?licenseId=a0ot0000000Nk6wAAC,"ERROR >>> RegEx unable to get address. Business Entity Name Centimark Corporation Physical Address 12 Grandview Cir Attn: Licensing Canonsburg, PA, 15317 Phone (800) 423-5667 Status / Action Active"
https://azroc.my.site.com/AZRoc/s/contractor-search?licenseId=a0ot0000000Nk6xAAC,"818 S Main St Cottonwood, AZ, 86326"
https://azroc.my.site.com/AZRoc/s/contractor-search?licenseId=a0ot0000000Nk6yAAC,"2539 N Balboa Ave Ste 125 Tucson, AZ, 85705"
https://azroc.my.site.com/AZRoc/s/contractor-search?licenseId=a0ot0000000Nk6zAAC,"2014 Taylor, AZ, 85939 Phone 92824"
https://azroc.my.site.com/AZRoc/s/contractor-search?licenseId=a0ot0000000Nk70AAC,"118 N 800 W Bldg 6D Ste B Ogden, UT, 84404"
https://azroc.my.site.com/AZRoc/s/contractor-search?licenseId=a0ot0000000Nk71AAC,"957 Gallup, NM, 87305"
https://azroc.my.site.com/AZRoc/s/contractor-search?licenseId=a0ot0000000Nk72AAC,"ERROR >>> RegEx unable to get address. Business Entity Name Rawlings Specialty Contracting LLC Physical Address 5811C Wagon Wheel Ln Lakeside, AZ, 85929 Phone (928) 537-8913 Status / Action Active"
https://azroc.my.site.com/AZRoc/s/contractor-search?licenseId=a0ot0000000Nk73AAC,"2824 North Power Rd 113-404 Mesa, AZ, 85215"
https://azroc.my.site.com/AZRoc/s/contractor-search?licenseId=a0ot0000000Nk74AAC,"6780 W Rerta Pass Elfrida, AZ, 85610"
https://azroc.my.site.com/AZRoc/s/contractor-search?licenseId=a0ot0000000Nk75AAC,"1250 E Franklin Ave Pomona, CA, 91766"
https://azroc.my.site.com/AZRoc/s/contractor-search?licenseId=a0ot0000000Nk76AAC,"10730 Casa Grande, AZ, 85130"
https://azroc.my.site.com/AZRoc/s/contractor-search?licenseId=a0ot0000000Nk77AAC,"211 W 1st South Ste D Mesquite, NV, 89027"
https://azroc.my.site.com/AZRoc/s/contractor-search?licenseId=a0ot0000000Nk78AAC,"17460 N 25th Ave Ste A-2 Phoenix, AZ, 85023"
https://azroc.my.site.com/AZRoc/s/contractor-search?licenseId=a0ot0000000Nk79AAC,"1934 E. Camelback Rd Ste 120-621 Phoenix, AZ, 85028"
https://azroc.my.site.com/AZRoc/s/contractor-search?licenseId=a0ot0000000Nk7AAAS,"12800 N Tonto Rd Prescott, AZ, 86305"
https://azroc.my.site.com/AZRoc/s/contractor-search?licenseId=a0ot0000000Nk7BAAS,"7515 S Atwood Mesa, AZ, 85212"
https://azroc.my.site.com/AZRoc/s/contractor-search?licenseId=a0ot0000000Nk7CAAS,"1800 W 17th St Yuma, AZ, 85364"
https://azroc.my.site.com/AZRoc/s/contractor-search?licenseId=a0ot0000000Nk7DAAS,"8537 E Via Montoya Scottsdale, AZ, 85255"
https://azroc.my.site.com/AZRoc/s/contractor-search?licenseId=a0ot0000000Nk7EAAS,"8655 E Via De Ventura #F-125 Scottsdale, AZ, 85258"
https://azroc.my.site.com/AZRoc/s/contractor-search?licenseId=a0ot0000000Nk7GAAS,"5640 N Chieftan Trl Tucson, AZ, 85750"
https://azroc.my.site.com/AZRoc/s/contractor-search?licenseId=a0ot0000000Nk7HAAS,"4221 N 1st Ave #1 Phoenix, AZ, 85013"
https://azroc.my.site.com/AZRoc/s/contractor-search?licenseId=a0ot0000000Nk7JAAS,"30209 N 144th St Scottsdale, AZ, 85262"
https://azroc.my.site.com/AZRoc/s/contractor-search?licenseId=a0ot0000000Nk7LAAS,"1585 N Charlebois Rd Apache Junction, AZ, 85119"
https://azroc.my.site.com/AZRoc/s/contractor-search?licenseId=a0ot0000000Nk7MAAS,"1692 Buckeye, AZ, 85326"
https://azroc.my.site.com/AZRoc/s/contractor-search?licenseId=a0ot0000000Nk7NAAS,"ERROR >>> RegEx unable to get address. Business Entity Name L N N Enterprises Inc Physical Address 9 W Cherry Ave Ste A Flagstaff, AZ, 86001 Phone (928) 779-6146 Status / Action Active"
https://azroc.my.site.com/AZRoc/s/contractor-search?licenseId=a0ot0000000Nk7PAAS,"18940 N Pima Rd Ste 150 Scottsdale, AZ, 85255"
